Year,TeamName,Wins,ScoreOff,FirstDown,RushAttOff,RushYdsOff,PassAttOff,PassCompOff,PassYdsOff,PassIntOff,FumblesOff,SackYdsOff,PenYdsOff,PuntAvgOff,ScoreDef,FirstDownDef,RushAttDef,RushYdsDef,PassAttDef,PassCompDef,PassYdsDef,PassIntDef,FumblesDef,SackYdsDef,PenYdsDef
2000,Arizona Cardinals,9,178,253,342,1284,554,316,3478,24,20,239,756,710,443,344,580,2609,458,295,3263,10,10,126,32
2000,Atlanta Falcons,7,238,256,350,1214,515,285,3166,20,14,386,720,654,413,308,453,1983,515,306,3766,15,10,142,14
2000,Baltimore Ravens,12,355,319,619,2480,553,309,3539,20,8,349,905,741,181,260,430,1162,650,357,3735,29,27,245,39
2000,Buffalo Bills,8,288,309,476,1921,546,312,3936,10,12,359,913,610,350,252,444,1559,480,283,3175,16,13,308,27
2000,Carolina Panthers,7,272,304,363,1186,566,340,3850,19,16,382,683,607,310,304,425,1949,552,352,3938,17,21,231,38
2000,Chicago Bears,9,216,238,416,1736,542,304,3005,16,13,206,696,593,355,297,469,1828,530,332,3635,11,9,231,0
2000,Cleveland Browns,6,137,177,336,1085,483,278,2729,19,9,283,925,730,419,343,592,2487,487,265,3432,11,14,276,24
2000,Dallas Cowboys,4,263,276,463,1953,446,256,2765,21,18,249,963,642,330,309,537,2637,458,277,2868,17,9,187,31
2000,Denver Broncos,11,446,392,533,2368,607,372,4609,13,13,266,825,642,390,307,382,1720,589,319,4319,27,17,263,42
2000,Detroit Lions,8,292,264,448,1747,503,277,2992,19,12,317,767,681,307,279,421,1823,544,311,3372,25,17,162,15
2000,Green Bay Packers,7,335,315,403,1648,600,348,3916,16,17,243,705,626,323,275,417,1618,557,307,3695,21,7,244,18
2000,New York Giants,10,356,355,590,2265,588,352,4118,15,14,254,882,691,256,294,381,1256,655,360,3928,24,15,344,33
2000,Indianapolis Colts,10,415,371,458,1958,603,374,4607,15,15,131,876,760,349,336,493,2199,564,336,3859,17,8,267,31
2000,Jacksonville Jaguars,6,331,318,481,2032,545,333,3947,15,14,289,703,692,327,252,436,1683,458,258,3416,12,18,246,36
2000,Kansas City Chiefs,7,341,321,383,1466,582,342,4403,15,11,259,848,678,354,330,441,1824,549,358,3737,15,14,268,14
2000,Miami Dolphins,9,339,287,561,2192,492,280,3081,23,10,174,1041,763,270,323,485,1975,579,310,3496,28,14,286,7
2000,Minnesota Vikings,11,418,346,470,2310,554,337,4399,21,13,205,1029,797,428,394,452,2011,672,428,4807,12,10,244,13
2000,New England Patriots,7,257,283,424,1396,565,328,3461,15,10,286,815,679,338,326,495,1831,544,321,3694,10,13,172,19
2000,New Orleans Saints,10,373,348,553,2199,574,344,4114,18,12,272,1104,737,367,314,443,1833,559,326,4092,23,17,393,28
2000,New York Jets,11,301,299,418,1471,636,351,4012,29,11,99,626,730,321,267,476,1888,517,265,3166,21,14,234,20
2000,Oakland Raiders,12,471,369,582,2634,530,315,3760,15,11,160,1016,818,315,342,445,1703,643,386,4342,25,18,310,38
2000,Philadelphia Eagles,8,364,326,445,2054,649,375,3728,18,16,312,1050,758,268,321,514,1982,603,344,3582,19,16,313,18
2000,Pittsburgh Steelers,7,301,283,526,2227,440,219,2744,10,11,216,677,686,255,252,426,1693,520,279,3241,17,18,229,20
2000,San Diego Chargers,4,242,251,351,1062,578,311,3540,30,20,302,1036,731,440,312,470,1422,552,326,3786,16,6,249,27
2000,Seattle Seahawks,7,286,281,402,1723,507,308,3174,21,17,239,728,630,405,331,503,2454,489,309,4077,17,12,152,34
2000,San Francisco 49ers,5,366,334,414,1807,583,366,4400,10,9,167,1135,634,422,347,436,1808,558,320,4167,13,8,270,22
2000,St Louis Rams,11,531,397,399,1877,627,404,5849,26,14,275,1002,627,502,338,415,1747,563,339,4318,20,7,301,37
2000,Tampa Bay Buccaneers,10,350,286,509,2116,464,254,2995,13,12,263,764,675,290,303,431,1774,627,363,3645,26,17,342,41
2000,Tennessee Titans,11,308,322,579,2209,509,312,3643,16,15,169,925,701,215,220,410,1439,483,247,2878,17,13,370,17
2000,Washington Redskins,6,271,307,446,1748,560,342,3878,21,12,232,1009,595,269,254,430,1847,462,254,2898,17,16,286,10
2000,Cincinnati Bengals,7,185,254,496,2301,454,207,2219,14,21,276,878,629,359,307,504,1925,538,318,3730,9,12,168,0
2001,Arizona Cardinals,8,281,277,400,1450,527,304,3653,14,13,210,615,659,343,320,496,2097,555,337,3726,17,7,128,14
2001,Atlanta Falcons,7,267,280,436,1788,485,278,3695,17,11,403,754,615,377,298,405,1944,515,331,4132,18,12,230,24
2001,Baltimore Ravens,7,293,299,483,1810,557,320,3595,20,16,281,728,611,265,262,409,1411,555,321,3325,16,14,296,10
2001,Buffalo Bills,6,239,287,405,1685,558,327,3722,20,13,271,954,658,420,302,482,2118,454,285,3388,11,8,212,26
2001,Carolina Panthers,6,237,236,355,1372,579,314,3098,22,13,216,747,749,410,304,521,2301,510,306,3809,24,12,167,16
2001,Chicago Bears,13,321,277,475,1738,528,315,3072,16,8,122,622,682,203,277,373,1318,602,355,3959,20,17,299,17
2001,Cleveland Browns,9,261,238,419,1342,466,279,3154,21,12,344,825,678,319,295,493,2216,552,309,3377,33,9,296,24
2001,Dallas Cowboys,6,225,247,506,2179,412,210,2408,20,14,185,739,620,338,272,472,1710,491,288,3024,9,16,130,21
2001,Denver Broncos,6,302,304,480,1887,511,312,3208,19,8,278,917,717,339,292,406,1479,515,308,3561,22,15,279,38
2001,Detroit Lions,3,256,289,351,1402,609,343,3969,24,14,377,1081,692,424,321,470,1993,515,312,3752,16,6,224,14
2001,Green Bay Packers,8,353,282,409,1691,511,315,3923,15,13,149,633,684,266,278,408,1761,583,341,3505,20,19,329,37
2001,New York Giants,6,281,295,424,1758,568,328,3770,15,14,206,905,680,321,268,427,1541,521,298,3750,15,13,329,13
2001,Indianapolis Colts,7,371,343,438,1966,557,349,4227,23,15,238,723,677,486,323,455,2112,509,311,3857,15,9,257,42
2001,Jacksonville Jaguars,5,281,288,372,1600,534,321,3670,14,14,430,710,707,286,300,469,1611,544,354,3757,12,12,298,13
2001,Kansas City Chiefs,8,317,324,448,2008,528,300,3863,24,9,198,602,655,344,296,481,2131,491,296,3403,13,13,239,3
2001,Miami Dolphins,8,326,263,473,1665,453,275,3337,19,18,178,914,651,290,283,452,1788,467,262,3059,17,12,239,18
2001,Minnesota Vikings,7,280,288,377,1602,555,335,3854,23,16,274,836,670,390,312,477,2299,478,291,3571,8,10,204,10
2001,New England Patriots,10,368,292,473,1793,482,306,3326,15,13,237,802,658,272,303,428,1842,548,300,3743,22,13,240,3
2001,New Orleans Saints,7,320,294,419,1716,562,313,3844,22,13,334,1035,671,409,283,443,1715,452,278,3678,15,15,323,13
2001,New York Jets,9,298,274,444,2041,465,273,2881,14,9,136,507,618,295,284,481,2154,516,313,3170,20,19,171,10
2001,Oakland Raiders,9,384,316,450,1654,553,364,3862,9,16,155,897,728,327,296,433,1988,528,290,3287,17,7,204,15
2001,Philadelphia Eagles,9,316,256,410,1776,522,300,3427,14,10,287,768,686,208,262,456,1825,517,288,3145,14,19,281,27
2001,Pittsburgh Steelers,8,332,314,580,2773,454,274,3295,12,10,182,737,653,212,254,340,1195,525,295,3309,16,13,367,20
2001,San Diego Chargers,6,300,290,435,1695,548,309,3690,18,11,180,777,679,321,290,448,1514,535,317,3618,19,12,228,32
2001,Seattle Seahawks,11,298,274,468,1944,462,258,3164,12,9,336,579,701,324,299,426,1726,563,339,3733,14,13,252,3
2001,San Francisco 49ers,11,383,328,509,2253,506,318,3559,12,7,123,669,643,282,289,389,1585,566,331,3593,24,10,225,26
2001,St Louis Rams,13,473,357,415,2027,551,379,4903,22,21,241,847,673,273,256,363,1402,541,315,3356,20,14,279,30
2001,Tampa Bay Buccaneers,9,308,298,406,1377,594,363,3621,12,10,304,672,657,280,262,415,1696,493,273,3223,28,10,269,16
2001,Tennessee Titans,9,330,288,469,1794,515,307,3867,17,11,309,1025,684,388,300,405,1426,561,329,4261,13,11,170,6
2001,Washington Redskins,9,256,241,490,1937,432,235,2716,13,15,231,828,680,303,271,483,1869,473,262,3116,23,11,139,0
2001,Cincinnati Bengals,8,205,294,441,1712,603,322,3291,26,11,203,870,632,309,281,454,1668,512,311,3477,13,16,314,21
2002,Arizona Cardinals,6,238,274,414,1816,548,293,3045,22,13,298,617,692,417,335,490,2147,535,335,4005,17,8,131,24
2002,Atlanta Falcons,10,389,316,522,2387,479,268,3384,12,15,237,922,663,314,288,441,2047,514,285,3588,24,15,299,13
2002,Baltimore Ravens,9,316,261,427,1792,479,262,3118,14,18,271,846,640,354,316,470,1769,573,360,3823,25,6,239,0
2002,Buffalo Bills,8,334,355,388,1596,612,377,4364,15,16,369,1031,668,397,303,472,2061,496,282,3324,10,9,212,45
2002,Carolina Panthers,4,227,238,453,1593,464,255,2981,22,18,293,785,718,302,271,447,1654,522,293,3329,17,16,337,31
2002,Chicago Bears,6,267,260,383,1344,544,311,3316,18,18,265,864,678,379,328,503,2077,549,335,3782,9,20,259,14
2002,Cleveland Browns,10,324,279,406,1593,553,339,3674,22,9,244,845,650,320,291,482,2084,513,299,3441,17,12,178,20
2002,Dallas Cowboys,8,196,237,422,1753,471,252,2992,16,18,394,974,653,329,291,481,1815,574,334,3575,19,11,143,21
2002,Denver Broncos,6,368,357,458,2266,554,359,4139,20,7,315,877,645,344,298,378,1498,566,360,3588,9,13,260,24
2002,Detroit Lions,4,299,242,358,1477,578,277,3168,25,6,174,916,676,451,360,494,1967,591,371,4404,10,14,250,7
2002,Green Bay Packers,12,378,318,451,1933,580,361,3823,16,13,196,913,659,328,295,413,1998,531,287,3228,24,22,241,20
2002,New York Giants,10,294,323,484,1874,550,338,4103,14,13,158,955,600,279,266,407,1830,541,311,3369,11,14,250,26
2002,Indianapolis Colts,7,336,324,434,1561,591,392,4199,19,13,145,730,642,313,279,460,1983,468,288,3160,10,17,234,13
2002,Jacksonville Jaguars,4,305,275,455,2089,462,268,3019,9,6,257,685,704,315,324,487,2071,519,314,3488,14,13,224,23
2002,Kansas City Chiefs,8,451,343,462,2378,477,292,3763,13,2,141,700,589,399,367,431,2058,617,404,4404,18,13,214,16
2002,Miami Dolphins,7,357,318,528,2518,455,271,3069,15,15,195,861,649,301,285,408,1554,520,294,3429,21,9,327,21
2002,Minnesota Vikings,6,351,350,472,2501,561,338,3957,23,18,264,1139,627,442,315,394,1666,542,335,4300,16,7,197,39
2002,New England Patriots,8,337,303,394,1463,606,375,3798,14,10,190,895,610,346,315,467,2198,531,314,3340,18,11,199,44
2002,New Orleans Saints,10,397,291,423,1771,539,292,3687,15,15,254,911,630,388,327,440,1991,593,343,4058,20,18,253,35
2002,New York Jets,10,352,300,400,1610,486,330,3627,10,9,201,685,651,336,313,427,1960,553,361,3698,15,8,195,7
2002,Oakland Raiders,10,420,366,414,1762,619,418,4655,10,9,214,1094,682,304,318,384,1453,570,346,3787,21,10,261,30
2002,Philadelphia Eagles,9,378,311,488,2222,548,318,3606,11,13,226,897,659,241,272,387,1655,564,334,3449,15,23,356,37
2002,Pittsburgh Steelers,9,373,343,511,2126,551,350,3998,22,14,210,712,667,345,279,358,1387,574,337,3726,19,17,327,17
2002,San Diego Chargers,8,309,313,466,2121,538,324,3368,16,8,180,805,630,367,326,409,1744,606,376,4526,17,10,236,24
2002,Seattle Seahawks,8,342,347,430,1740,587,361,4257,16,12,179,792,662,369,356,501,2439,555,321,3596,19,11,183,13
2002,San Francisco 49ers,10,353,343,489,2249,571,354,3576,10,7,124,725,626,351,307,395,1652,553,340,3698,19,8,195,14
2002,St Louis Rams,8,295,315,344,1404,635,408,4480,27,18,325,919,661,369,282,445,1816,461,292,3449,12,14,240,21
2002,Tampa Bay Buccaneers,8,321,287,414,1557,567,348,3665,10,11,220,789,673,196,236,409,1560,512,260,2787,31,7,301,25
2002,Tennessee Titans,9,354,312,511,1952,500,306,3441,15,10,121,876,650,324,297,372,1424,562,339,3753,18,11,213,13
2002,Washington Redskins,9,300,303,442,1889,560,300,3512,20,20,269,972,623,365,281,436,1754,531,304,3255,14,12,250,7
2002,Cincinnati Bengals,7,272,315,427,1725,591,350,3732,22,13,251,884,609,456,315,497,2006,454,287,3415,9,11,156,7
2002,Houston Texans,7,210,208,423,1344,447,235,2636,15,14,417,1011,657,356,291,508,2088,513,281,3378,10,11,237,3
2003,Arizona Cardinals,7,225,256,404,1537,534,303,3270,22,14,305,761,679.1,452,326,476,1914,497,311,3686,13,10,96,0
2003,Atlanta Falcons,6,268,252,435,1949,460,230,2612,21,10,223,790,640.2,422,333,499,2309,508,323,4005,15,16,205,31
2003,Baltimore Ravens,8,358,259,552,2663,415,217,2517,19,19,264,970,652.3,281,248,447,1546,531,296,3158,24,17,363,33
2003,Buffalo Bills,7,205,268,427,1661,502,293,3069,17,17,385,891,717.3,279,270,463,1604,509,286,2940,10,8,231,38
2003,Carolina Panthers,9,313,284,522,2095,461,271,3238,16,15,192,967,696.6,304,274,435,1721,523,299,3215,16,10,211,12
2003,Chicago Bears,6,270,264,443,1763,515,271,2905,20,9,288,810,650.3,346,289,449,1875,525,325,3183,15,4,111,13
2003,Cleveland Browns,5,241,276,412,1670,509,313,3116,18,15,282,767,671.5,322,283,458,2106,502,297,3049,15,7,201,13
2003,Dallas Cowboys,6,254,286,515,1999,511,294,3322,21,8,185,837,626.5,260,228,410,1429,493,240,2819,13,12,201,35
2003,Denver Broncos,9,344,334,543,2629,479,280,3127,18,6,157,922,620.5,301,241,379,1605,495,265,3048,9,11,221,37
2003,Detroit Lions,8,264,250,374,1350,588,319,2988,24,4,76,859,625.6,379,298,448,1775,522,331,3765,15,13,182,6
2003,Green Bay Packers,8,370,292,470,2402,444,288,2978,21,11,132,629,619.8,300,270,396,1603,548,304,3377,19,11,177,31
2003,New York Giants,10,211,300,387,1558,616,344,3633,20,18,259,1085,639.5,387,314,495,1912,519,309,3685,10,12,302,32
2003,Indianapolis Colts,10,414,348,451,1696,569,381,4289,10,10,113,660,661.3,336,279,437,1980,445,277,3034,15,15,225,33
2003,Jacksonville Jaguars,6,259,305,481,2073,516,303,3421,18,13,132,895,658.7,331,276,443,1406,510,303,3385,15,12,134,17
2003,Kansas City Chiefs,12,443,348,447,1921,536,339,4101,12,6,130,698,638.4,332,322,453,2344,565,332,3590,25,12,251,41
2003,Miami Dolphins,9,290,266,486,1824,450,257,2992,19,15,216,913,585.2,261,283,440,1371,529,319,3544,22,14,260,21
2003,Minnesota Vikings,7,392,336,492,2343,520,333,4169,13,12,218,1029,600.8,353,316,387,1879,531,311,3722,28,7,245,24
2003,New England Patriots,13,317,294,473,1607,537,320,3651,13,11,219,998,595.4,238,293,402,1426,618,328,3516,29,12,252,31
2003,New Orleans Saints,7,309,302,447,2008,535,314,3641,8,20,210,878,701,326,298,480,2241,485,264,3174,14,13,171,31
2003,New York Jets,8,273,274,409,1546,496,312,3524,14,6,208,550,583.2,299,316,541,2119,455,281,3243,11,9,222,10
2003,Oakland Raiders,7,240,239,408,1722,479,255,2736,12,11,208,1095,699.9,338,294,507,2354,437,264,3145,14,11,155,23
2003,Philadelphia Eagles,11,364,302,416,1831,485,280,3256,11,11,257,817,641.7,287,306,459,2077,560,338,3484,13,13,253,10
2003,Pittsburgh Steelers,4,280,275,445,1498,532,306,3548,17,11,254,1005,662.9,327,270,450,1735,484,294,3103,14,11,198,20
2003,San Diego Chargers,5,300,290,417,2146,525,297,3182,19,12,205,1006,660.7,441,325,516,2233,524,322,3566,13,7,205,13
2003,Seattle Seahawks,10,366,338,453,2009,521,317,3875,16,13,254,777,630.1,327,304,453,1752,574,344,3742,16,12,255,38
2003,San Francisco 49ers,7,360,313,497,2285,511,299,3566,15,9,161,807,614.5,337,292,420,1697,514,310,3544,23,14,306,24
2003,St Louis Rams,12,420,335,412,1489,600,377,4287,23,16,326,667,688.8,328,272,412,1980,510,296,3344,24,22,291,27
2003,Tampa Bay Buccaneers,7,292,307,421,1648,592,369,3951,22,9,136,1104,690,264,249,451,1756,475,274,2920,20,13,234,9
2003,Tennessee Titans,11,428,310,485,1623,502,315,3919,9,12,157,887,708.2,324,275,340,1296,547,332,3829,22,12,222,7
2003,Washington Redskins,6,254,272,420,1647,528,284,3276,16,12,267,1038,648.7,372,325,504,2211,483,285,3354,17,13,159,33
2003,Cincinnati Bengals,8,326,313,479,1987,521,325,3605,15,7,253,846,638.1,384,320,461,2208,508,297,3601,14,10,196,20
2003,Houston Texans,6,245,237,421,1651,439,248,2841,18,9,186,961,664,380,336,533,2366,502,297,3835,14,8,123,10
2004,Arizona Cardinals,5,272,280,475,1668,533,299,3202,18,11,320,948,687.8,322,282,451,2097,506,271,3271,15,15,229,12
2004,Atlanta Falcons,11,306,284,525,2672,395,217,2691,16,14,275,904,647.4,337,309,434,1681,517,328,3838,19,13,312,34
2004,Baltimore Ravens,10,287,260,491,2063,465,258,2559,11,12,247,894,643.8,268,272,469,1681,500,276,3386,21,13,264,30
2004,Buffalo Bills,8,385,271,482,1889,460,262,3032,17,12,230,1047,681.6,284,258,446,1604,486,261,2943,24,15,328,10
2004,Carolina Panthers,8,327,308,422,1582,536,311,3889,15,11,246,1020,696.5,339,307,474,1904,513,303,3700,26,12,220,28
2004,Chicago Bears,10,210,245,446,1729,477,256,2793,14,20,424,936,683.5,331,293,477,1938,520,294,3553,17,13,171,21
2004,Cleveland Browns,6,264,244,439,1657,439,251,3076,21,19,270,854,636.1,390,307,532,2314,460,277,3091,15,13,190,12
2004,Dallas Cowboys,7,253,278,408,1619,493,295,3513,21,14,202,837,634.2,398,287,405,1715,471,295,3586,11,7,156,19
2004,Denver Broncos,10,375,351,532,2346,522,303,4089,20,9,103,880,657,304,235,396,1512,484,272,3213,12,8,266,6
2004,Detroit Lions,6,259,244,387,1609,467,260,2891,12,3,193,940,617.3,309,296,469,1774,504,304,3493,14,10,222,28
2004,Green Bay Packers,11,414,354,441,1908,599,382,4548,19,10,109,950,634.6,380,306,409,1878,519,314,3943,8,7,280,10
2004,New York Giants,7,283,281,424,1904,475,269,3097,13,11,279,977,640,347,310,497,2161,468,292,3280,14,14,254,20
2004,Indianapolis Colts,11,491,380,427,1837,544,358,4767,11,8,115,792,671.8,351,333,442,1925,554,365,4233,20,14,335,31
2004,Jacksonville Jaguars,8,254,279,446,1850,513,305,3315,11,11,156,940,681,280,290,438,1769,497,307,3582,16,12,217,7
2004,Kansas City Chiefs,7,466,398,496,2289,561,370,4631,17,10,227,961,632.9,435,327,397,1846,522,312,4453,13,8,252,17
2004,Miami Dolphins,5,233,249,364,1287,551,287,3193,26,15,307,790,621.1,326,257,501,2136,405,226,2644,11,10,208,13
2004,Minnesota Vikings,7,389,351,388,1823,553,380,4754,12,9,238,884,579.7,395,350,435,2006,545,338,4130,11,11,242,16
2004,New England Patriots,9,386,320,486,1968,456,275,3577,10,13,147,769,645.8,231,271,384,1535,503,293,3513,20,15,307,23
2004,New Orleans Saints,9,318,291,405,1632,542,309,3810,16,10,226,1141,706.4,405,343,485,2253,545,324,4095,13,19,207,30
2004,New York Jets,9,299,303,510,2256,427,274,3183,11,5,181,693,565.7,261,270,418,1502,482,278,3361,18,13,220,34
2004,Oakland Raiders,6,307,275,329,1294,582,330,4019,22,13,160,1013,754.9,442,367,536,2016,510,315,4106,9,9,186,13
2004,Philadelphia Eagles,10,359,301,378,1636,547,336,4208,11,11,225,952,674.3,260,299,442,1903,550,334,3475,17,11,263,27
2004,Pittsburgh Steelers,10,359,309,618,2464,358,228,2970,13,8,250,835,562.9,251,248,356,1299,484,269,3060,19,13,234,13
2004,San Diego Chargers,11,418,328,526,2185,450,288,3506,8,10,139,875,680.3,313,320,355,1330,607,372,4194,23,10,142,28
2004,Seattle Seahawks,8,361,329,465,2005,543,318,3910,19,10,188,661,621.7,373,307,444,1993,564,341,3807,22,12,207,10
2004,San Francisco 49ers,5,232,280,413,1449,561,325,3455,21,19,319,859,663.7,452,322,495,1995,490,308,3680,9,12,194,27
2004,St Louis Rams,7,274,307,351,1530,551,354,4348,21,16,328,943,609.3,371,294,456,2133,452,265,3129,5,6,241,17
2004,Tampa Bay Buccaneers,6,274,253,371,1434,472,313,3487,17,14,290,904,633.2,276,244,451,1877,407,229,2579,15,10,228,6
2004,Tennessee Titans,5,327,308,420,1871,589,356,3932,19,12,317,911,691.2,439,318,421,1917,524,333,4027,18,12,220,17
2004,Washington Redskins,7,226,269,471,1765,514,288,2874,17,10,242,1045,696.3,265,251,420,1305,516,294,3222,18,8,245,14
2004,Cincinnati Bengals,8,358,274,422,1775,521,313,3349,21,9,219,780,671.7,372,293,457,1930,509,305,3512,20,16,257,16
2004,Houston Texans,6,293,300,479,1878,472,287,3555,14,11,305,928,659.9,339,304,417,1843,530,344,3774,22,8,161,16
2005,Arizona Cardinals,5,299,304,360,1138,670,419,4719,21,16,286,1185,669.6,387,272,411,1632,490,303,3310,15,11,221,12
2005,Atlanta Falcons,9,333,313,530,2559,451,247,2907,13,16,237,1043,668.6,341,318,438,2063,526,320,3394,16,13,257,18
2005,Baltimore Ravens,7,255,286,451,1611,562,335,3381,21,15,299,1067,690.2,299,277,430,1594,526,296,3228,12,14,267,10
2005,Buffalo Bills,7,268,259,429,1605,460,270,2852,16,10,335,897,736.2,367,343,489,2205,503,314,3560,17,13,269,3
2005,Carolina Panthers,10,364,278,487,1679,449,269,3485,16,10,211,732,678.9,259,262,409,1472,528,305,3347,23,19,301,27
2005,Chicago Bears,6,222,233,488,2099,418,219,2201,15,13,199,850,648.4,202,259,444,1637,550,313,3147,24,10,275,38
2005,Cleveland Browns,8,206,241,394,1496,498,297,3323,18,12,271,770,644.7,301,292,525,2215,471,279,3009,15,8,155,26
2005,Dallas Cowboys,9,312,318,521,1861,500,300,3639,17,14,298,739,674.9,308,256,414,1731,496,271,3319,15,11,236,13
2005,Denver Broncos,10,375,330,541,2544,465,279,3373,7,9,151,756,698.6,258,295,343,1366,613,344,3833,20,16,193,20
2005,Detroit Lions,7,248,258,405,1471,521,298,3021,18,12,173,838,700.9,345,308,488,2040,487,295,3305,19,12,187,6
2005,Green Bay Packers,6,274,312,398,1352,626,383,3964,30,15,198,918,636.7,344,280,503,2018,430,252,2876,10,11,200,24
2005,New York Giants,10,395,312,470,2209,559,294,3762,17,8,184,1115,673.4,314,302,428,1656,579,328,3852,17,20,268,27
2005,Indianapolis Colts,9,429,363,465,1703,516,348,4191,11,9,95,690,665.9,247,269,399,1749,509,343,3469,18,13,308,10
2005,Jacksonville Jaguars,13,358,301,500,1972,487,283,3352,6,11,175,1006,668.3,269,273,434,1709,483,285,3223,20,9,274,3
2005,Kansas City Chiefs,9,380,347,520,2382,507,317,4014,10,13,204,889,641,325,292,384,1569,559,325,3862,16,15,182,23
2005,Miami Dolphins,9,311,274,444,1898,556,291,3458,16,14,158,1055,691.5,317,319,480,1762,549,323,3682,14,17,375,7
2005,Minnesota Vikings,12,298,284,381,1461,509,322,3449,16,14,297,1011,691.9,344,304,462,1841,533,319,3539,24,11,204,8
2005,New England Patriots,8,362,334,439,1512,564,352,4322,15,9,202,921,712,338,306,437,1580,528,296,3926,11,7,210,17
2005,New Orleans Saints,4,225,312,423,1688,553,308,3604,24,19,261,1130,680.7,398,281,502,2146,418,241,3014,10,9,166,10
2005,New York Jets,6,223,251,383,1322,470,268,2989,15,19,350,801,695.7,355,321,553,2190,463,284,2948,21,7,198,17
2005,Oakland Raiders,5,273,294,362,1368,592,316,3883,15,8,287,1132,727.7,383,299,507,2046,486,296,3481,5,14,235,17
2005,Philadelphia Eagles,6,268,282,364,1436,620,337,3903,20,14,230,1141,638,388,290,506,1883,503,297,3507,17,10,184,42
2005,Pittsburgh Steelers,8,362,297,549,2223,379,228,3104,14,9,178,876,661.7,258,275,402,1367,549,315,3480,15,15,312,27
2005,San Diego Chargers,11,401,337,466,2068,526,338,3738,16,12,239,890,708.4,312,306,386,1350,567,338,3888,10,10,289,17
2005,Seattle Seahawks,13,431,361,519,2457,475,307,3628,11,6,171,846,652.5,271,295,421,1510,571,331,3861,16,11,302,21
2005,San Francisco 49ers,8,236,191,428,1689,389,204,2190,21,14,292,780,664.6,428,335,486,1832,576,374,4620,16,10,193,3
2005,St Louis Rams,7,346,314,380,1535,599,392,4351,24,13,322,941,655.6,429,321,459,2178,507,314,3619,13,14,195,17
2005,Tampa Bay Buccaneers,9,281,268,458,1826,487,303,3171,14,9,281,1085,732.6,274,254,439,1508,477,276,3158,17,13,222,19
2005,Tennessee Titans,5,274,279,398,1512,594,358,3797,14,12,187,1002,692.7,421,294,449,1894,470,296,3462,9,11,246,25
2005,Washington Redskins,8,345,301,525,2183,481,278,3346,11,16,240,925,647.7,293,258,411,1686,535,291,3318,16,12,237,14
2005,Cincinnati Bengals,8,384,342,458,1913,538,362,3935,14,6,118,920,672.2,350,315,428,1856,519,324,3749,31,13,186,37
2005,Houston Texans,4,253,243,437,1816,449,270,2661,13,11,424,854,620.5,431,348,506,2303,469,304,3727,7,9,206,7
2006,Arizona Cardinals,6,304,298,421,1338,544,321,3909,17,13,257,937,661.8,389,331,459,1893,522,321,3919,16,17,238,10
2006,Atlanta Falcons,6,278,287,537,2939,403,215,2682,15,5,311,877,670,328,313,443,1662,511,319,3898,12,13,235,14
2006,Baltimore Ravens,12,325,283,476,1637,524,328,3535,14,9,100,878,682.2,201,237,368,1213,509,279,3407,28,12,418,28
2006,Buffalo Bills,9,284,234,420,1552,432,269,3027,14,14,332,629,701.9,311,298,479,2252,513,324,3284,13,11,261,16
2006,Carolina Panthers,8,257,278,423,1659,539,325,3486,17,10,222,744,719.2,305,267,449,1737,500,291,3265,14,7,265,13
2006,Chicago Bears,11,393,300,504,1913,514,282,3437,22,14,164,923,706.4,255,258,403,1595,582,330,3392,23,21,272,34
2006,Cleveland Browns,8,221,250,373,1340,510,317,3242,25,17,349,687,687.7,356,303,511,2278,500,284,3385,18,9,148,17
2006,Dallas Cowboys,9,398,336,473,1936,506,310,4067,21,9,231,939,759,350,294,429,1659,512,301,3729,18,13,223,27
2006,Denver Broncos,5,310,285,488,2152,454,256,2975,18,12,196,478,670.6,305,291,445,1817,538,327,3586,17,13,209,9
2006,Detroit Lions,5,298,290,304,1126,596,372,4208,22,17,388,939,715.6,398,319,493,2005,511,339,3721,12,18,196,7
2006,Green Bay Packers,7,275,301,431,1662,630,350,3938,18,15,157,689,713.8,367,291,441,1825,515,286,3633,23,10,337,27
2006,New York Giants,7,325,304,455,2156,523,301,3244,18,10,186,881,647.8,362,314,458,1830,567,333,3830,17,11,181,30
2006,Indianapolis Colts,12,384,376,439,1762,557,362,4397,9,10,89,718,701.9,360,325,519,2768,416,267,2699,15,11,157,43
2006,Jacksonville Jaguars,7,362,293,511,2551,447,267,3059,14,9,187,810,621.3,274,259,420,1460,523,294,3278,20,4,200,9
2006,Kansas City Chiefs,10,325,310,513,2143,450,272,3243,12,14,243,577,704.8,315,298,461,1929,506,314,3524,15,15,191,6
2006,Miami Dolphins,7,254,278,404,1663,591,342,3571,19,6,283,789,672.1,283,267,461,1615,497,279,3275,8,19,268,6
2006,Minnesota Vikings,7,266,272,444,1822,540,332,3402,20,12,279,903,677.6,327,271,349,975,599,355,4013,21,15,190,16
2006,New England Patriots,10,361,330,498,1967,528,327,3594,12,15,190,940,669.6,237,265,389,1505,518,294,3485,22,12,280,24
2006,New Orleans Saints,8,379,330,471,1758,581,373,4632,13,10,123,597,700,322,262,418,2063,474,267,3122,11,8,268,34
2006,New York Jets,9,299,289,492,1739,488,313,3352,16,9,199,560,702.8,295,312,452,2082,533,317,3452,16,9,230,17
2006,Oakland Raiders,5,162,243,394,1519,483,263,2850,24,22,430,847,745.6,332,267,542,2144,410,245,2631,18,5,218,6
2006,Philadelphia Eagles,8,374,311,416,1984,541,322,4274,9,14,190,983,678.4,328,313,489,2181,511,301,3367,19,10,300,24
2006,Pittsburgh Steelers,6,353,327,469,1989,523,312,4026,23,14,293,611,653.2,315,269,408,1416,529,319,3619,20,9,226,0
2006,San Diego Chargers,12,452,321,522,2582,466,287,3394,9,6,154,790,678.6,303,285,388,1614,536,306,3548,16,12,347,40
2006,Seattle Seahawks,9,314,312,485,1920,512,292,3369,22,12,312,700,710.2,341,277,440,2029,504,299,3538,12,14,288,21
2006,San Francisco 49ers,7,278,243,436,2179,445,259,2875,15,17,209,818,698.9,412,326,473,1936,518,331,3797,14,13,246,20
2006,St Louis Rams,8,355,332,424,1805,592,371,4328,8,10,366,960,674.4,382,313,477,2327,451,266,3249,17,15,214,13
2006,Tampa Bay Buccaneers,8,208,237,404,1523,535,296,2994,18,13,196,732,696.5,353,301,496,1922,493,301,3520,11,9,171,3
2006,Tennessee Titans,10,317,261,468,2215,446,226,2748,19,7,153,803,673.3,400,329,506,2322,530,335,3750,17,11,157,7
2006,Washington Redskins,7,297,294,489,2221,471,274,3174,10,7,152,951,686.6,376,300,490,2199,487,290,3550,6,6,96,10
2006,Cincinnati Bengals,7,339,315,434,1635,523,327,4067,13,11,240,717,670.2,331,338,448,1863,556,350,4028,19,12,211,34
2006,Houston Texans,6,243,282,432,1685,481,329,3030,13,12,251,748,661.7,366,309,446,1956,504,328,3635,11,11,191,24
2007,Arizona Cardinals,8,381,308,402,1450,591,357,4220,24,12,163,1130,646.9,399,298,407,1575,570,361,3956,18,11,242,23
2007,Atlanta Falcons,7,252,248,385,1520,556,336,3573,16,8,270,891,697.7,414,320,480,2041,537,337,3793,16,12,146,7
2007,Baltimore Ravens,7,255,291,446,1797,557,341,3308,14,26,273,873,626.1,384,258,445,1274,490,293,3740,17,6,189,20
2007,Buffalo Bills,9,249,248,448,1800,445,263,2838,14,7,208,633,644.9,354,322,455,1996,567,354,3938,18,12,144,3
2007,Carolina Panthers,12,246,255,451,1824,505,285,2918,17,12,206,801,712,347,302,473,1773,537,337,3602,14,16,177,21
2007,Chicago Bears,7,314,266,424,1333,568,326,3682,21,13,339,839,669,348,305,453,1973,541,343,3931,16,17,251,20
2007,Cleveland Browns,10,351,315,439,1901,545,305,3853,20,9,146,868,670.8,382,335,460,2072,578,340,3859,17,10,186,51
2007,Dallas Cowboys,14,418,322,417,1743,531,342,4290,19,5,187,813,749.3,325,304,380,1513,581,342,3728,19,10,319,37
2007,Denver Broncos,8,297,305,429,1957,515,326,3739,15,14,175,610,733.7,409,306,501,2282,458,279,3291,14,16,203,23
2007,Detroit Lions,5,326,303,326,1288,588,368,4192,23,13,337,675,709.6,444,363,448,1911,602,422,4371,17,18,256,20
2007,Green Bay Packers,13,400,306,388,1597,578,383,4457,15,9,127,1009,713.7,291,297,426,1650,534,294,3561,19,9,218,35
2007,New York Giants,9,360,321,468,2150,543,302,3366,20,14,222,652,641.7,351,288,409,1555,523,306,3655,15,10,332,13
2007,Indianapolis Colts,11,428,357,446,1706,551,355,4155,14,5,136,515,656.2,262,299,454,1711,498,325,2907,22,15,162,22
2007,Jacksonville Jaguars,9,398,328,523,2388,469,288,3462,8,13,164,594,581.5,304,286,386,1597,544,320,3630,20,9,244,13
2007,Kansas City Chiefs,7,216,255,384,1248,563,335,3525,20,13,344,697,716.2,335,278,481,2089,461,276,3270,14,8,252,10
2007,Miami Dolphins,3,247,283,391,1559,558,318,3308,16,13,269,732,685.3,437,318,544,2456,409,242,3176,14,8,167,20
2007,Minnesota Vikings,6,348,294,495,2634,432,249,2903,14,16,193,662,715.9,311,305,380,1181,648,415,4489,17,14,267,17
2007,New England Patriots,13,551,393,451,1849,586,403,4859,9,6,128,685,649.6,274,278,359,1570,526,314,3363,19,12,337,38
2007,New Orleans Saints,6,365,346,390,1461,655,443,4428,18,12,100,581,704.2,388,288,408,1646,524,327,4109,13,10,198,14
2007,New York Jets,7,255,286,446,1701,512,310,3312,19,6,316,485,664.1,355,315,517,2156,471,289,3358,15,6,208,13
2007,Oakland Raiders,7,263,267,507,2098,451,260,2870,20,17,274,865,801.8,398,292,486,2334,439,261,3302,18,8,186,20
2007,Philadelphia Eagles,5,324,323,421,1974,578,350,3995,15,12,250,649,675.4,300,279,401,1528,542,315,3667,11,8,244,12
2007,Pittsburgh Steelers,7,367,298,510,2164,443,283,3422,14,8,347,651,669.5,269,249,361,1438,536,292,3067,11,14,243,26
2007,San Diego Chargers,9,398,289,485,2039,471,281,3173,16,8,170,761,722.3,284,297,416,1722,555,338,3684,30,18,282,14
2007,Seattle Seahawks,6,373,323,430,1627,590,371,4181,13,11,217,428,635.6,291,278,422,1644,568,333,3808,20,14,303,20
2007,San Francisco 49ers,9,202,218,357,1477,514,274,2671,18,16,362,702,758.8,364,308,504,1896,543,345,3809,12,10,183,17
2007,St Louis Rams,6,247,280,404,1527,574,333,3553,28,9,328,779,755.6,438,315,446,1844,523,318,3839,18,9,225,16
2007,Tampa Bay Buccaneers,7,303,281,449,1872,490,316,3561,8,12,222,614,672.6,270,257,454,1726,491,297,2921,17,18,200,31
2007,Tennessee Titans,8,281,306,540,2105,465,288,3061,17,16,199,773,661.2,297,268,370,1475,569,349,3404,22,12,238,20
2007,Washington Redskins,9,314,307,499,1872,525,319,3602,11,18,159,751,657.3,310,291,392,1457,601,351,3622,14,10,198,20
2007,Cincinnati Bengals,5,335,320,416,1556,575,373,4130,20,10,119,670,657.7,385,313,449,1893,540,353,3814,19,16,128,45
2007,Houston Texans,7,345,295,417,1586,529,346,3924,21,17,174,629,674.6,384,325,417,1825,547,361,3867,11,14,196,34
2008,Arizona Cardinals,10,396,328,340,1178,630,418,4875,15,15,201,781,670.8566667,426,312,445,1764,518,323,3731,13,17,191,31
2008,Atlanta Falcons,13,382,313,560,2443,434,265,3440,11,10,104,591,621.7354762,325,309,415,2040,549,325,3771,10,8,245,9
2008,Baltimore Ravens,10,357,300,592,2376,433,261,3085,12,9,277,785,721.2857143,244,228,366,1302,528,276,3132,26,8,257,28
2008,Buffalo Bills,9,316,287,439,1842,479,309,3302,15,15,262,538,698.0333333,342,293,455,1946,492,301,3441,10,13,170,20
2008,Carolina Panthers,10,394,287,504,2437,414,246,3288,12,7,130,637,674.695,329,296,432,1912,557,333,3617,12,13,230,20
2008,Chicago Bears,7,358,264,434,1673,528,304,3229,14,13,168,610,663.0723413,350,314,437,1496,622,383,4076,22,10,217,17
2008,Cleveland Browns,7,191,213,378,1460,459,220,2231,20,6,160,614,690.5517857,336,292,516,2250,418,268,3167,20,8,86,6
2008,Dallas Cowboys,7,321,291,401,1723,547,328,3988,20,13,199,957,706.7826191,365,276,402,1706,508,308,3377,8,14,374,41
2008,Denver Broncos,9,308,327,360,1681,575,361,4186,17,11,66,677,685.7583333,418,307,443,2250,470,316,3604,6,7,136,39
2008,Detroit Lions,2,243,234,352,1332,509,281,3299,19,10,339,729,709.3950794,517,350,536,2754,443,303,3907,4,16,191,25
2008,Green Bay Packers,6,371,299,437,1805,541,343,4044,13,8,231,984,669.1166667,380,295,458,2105,518,287,3384,22,6,140,48
2008,New York Giants,10,386,338,502,2518,491,298,3353,10,3,176,821,702.557619,294,268,386,1533,503,296,3427,17,5,288,41
2008,Indianapolis Colts,11,359,321,370,1274,585,393,4180,12,5,86,619,714.9523809,298,305,471,1967,481,329,3209,15,11,201,18
2008,Jacksonville Jaguars,6,286,312,426,1774,537,335,3620,13,11,288,813,712.0866667,367,289,428,1709,465,297,3777,13,4,191,16
2008,Kansas City Chiefs,4,283,273,379,1810,541,310,3358,16,8,229,645,686.2128572,440,344,509,2543,522,348,3810,13,16,62,8
2008,Miami Dolphins,9,335,308,448,1897,491,330,3761,7,6,129,669,703.2392857,317,296,388,1620,551,320,3862,18,11,218,10
2008,Minnesota Vikings,10,364,292,519,2332,452,267,3217,17,14,261,692,717.2359524,333,255,371,1230,530,324,3753,12,13,304,15
2008,New England Patriots,9,391,356,514,2278,534,339,3790,11,10,221,501,720.005,309,268,415,1722,474,288,3461,14,8,239,19
2008,New Orleans Saints,8,397,322,368,1413,596,383,4718,18,7,92,785,680.0333333,386,284,418,1756,500,288,3571,13,7,150,24
2008,New York Jets,10,395,308,422,2004,529,347,3516,23,8,213,569,682.4847619,356,315,407,1518,572,368,4005,14,16,253,10
2008,Oakland Raiders,6,240,225,459,1987,421,222,2639,11,12,270,823,783.6888745,388,325,542,2555,471,266,3408,16,8,188,23
2008,Philadelphia Eagles,8,379,318,427,1697,606,362,4060,16,10,149,628,693.0252381,289,248,421,1476,525,284,3225,15,14,312,37
2008,Pittsburgh Steelers,10,337,290,459,1688,507,304,3609,15,10,306,812,640.07,223,240,390,1284,533,301,2862,20,9,350,10
2008,San Diego Chargers,7,401,301,421,1726,478,312,4009,11,9,151,748,723.3183333,347,339,408,1641,605,411,4090,15,10,132,38
2008,Seattle Seahawks,6,264,265,417,1768,474,262,2831,15,12,214,601,709.4714935,392,324,457,1899,566,366,4342,9,11,193,30
2008,San Francisco 49ers,7,306,287,397,1599,509,309,3724,19,16,345,732,743.97,381,293,452,1709,545,331,3668,12,6,161,33
2008,St Louis Rams,3,219,249,417,1649,520,292,3268,19,12,321,718,798.8221429,465,320,501,2475,444,278,3676,12,14,201,13
2008,Tampa Bay Buccaneers,8,337,298,451,1837,562,355,3788,13,13,169,834,703.2540476,323,259,441,1901,475,276,3187,22,8,190,24
2008,Tennessee Titans,11,351,268,508,2199,453,265,2903,9,8,83,855,693.5615476,234,276,402,1500,576,343,3460,20,11,262,24
2008,Washington Redskins,10,236,295,478,2095,510,318,3291,6,12,266,644,643.8264286,296,259,398,1526,511,290,3236,13,5,141,29
2008,Cincinnati Bengals,5,197,245,420,1520,513,303,2677,15,11,271,591,633.5350758,364,296,490,1917,506,315,3413,12,12,122,7
2008,Houston Texans,6,354,340,432,1846,555,367,4474,20,12,207,664,674.4333333,394,300,439,1962,471,294,3598,12,9,175,12
2009,Arizona Cardinals,11,344,317,365,1494,594,392,4016,18,18,184,886,745.4,325,290,402,1804,593,346,3739,21,8,259,31
2009,Atlanta Falcons,8,335,330,451,1876,570,332,3571,17,8,126,664,689,325,302,432,1709,537,336,3873,15,13,170,28
2009,Baltimore Ravens,8,360,320,468,2200,510,321,3419,13,9,218,1094,695.8,261,280,435,1492,524,306,3316,22,10,190,31
2009,Buffalo Bills,5,225,234,424,1867,441,256,2515,19,11,274,855,748.5,328,310,534,2505,519,295,2944,28,5,193,33
2009,Carolina Panthers,8,295,290,525,2498,465,264,2799,20,11,271,698,708.7,308,290,450,1997,495,305,3056,22,15,193,20
2009,Chicago Bears,7,310,262,373,1492,563,340,3473,27,7,204,836,660.3,375,312,467,2022,531,341,3382,13,15,272,17
2009,Cleveland Browns,6,239,237,498,2087,443,219,2076,18,13,179,678,674.3,375,336,506,2314,526,313,3915,10,9,234,6
2009,Dallas Cowboys,10,330,334,436,2103,550,347,4287,9,10,196,892,735.1,250,286,365,1448,572,344,3606,11,10,268,31
2009,Denver Broncos,5,299,306,440,1836,558,341,3627,13,10,198,800,714.8,324,290,458,2059,510,298,2981,17,13,241,27
2009,Detroit Lions,3,249,282,409,1616,585,316,3168,32,9,303,768,696.4,494,333,458,2025,545,371,4249,9,14,150,13
2009,Green Bay Packers,9,437,334,438,1885,553,357,4180,8,8,312,1057,708.6,297,272,371,1333,540,294,3218,30,10,232,24
2009,New York Giants,10,369,323,443,1837,542,338,4019,14,17,227,802,653.8,427,307,423,1754,498,314,3425,13,11,237,33
2009,Indianapolis Colts,13,391,339,366,1294,601,402,4515,19,5,90,546,700.6,307,320,467,2024,583,372,3403,16,10,228,27
2009,Jacksonville Jaguars,9,273,301,447,2029,519,315,3356,10,13,243,542,664.2,380,307,458,1863,510,345,3774,15,10,79,17
2009,Kansas City Chiefs,4,284,256,439,1929,536,296,2922,17,10,261,667,727,424,318,531,2504,509,302,3707,15,13,137,10
2009,Miami Dolphins,8,337,333,509,2231,545,331,3170,19,10,226,640,738.6,390,298,435,1835,489,281,3754,15,6,242,23
2009,Minnesota Vikings,11,443,342,467,1918,553,377,4156,7,11,247,757,703.1,312,270,357,1394,535,341,3494,11,13,318,27
2009,New England Patriots,9,418,373,466,1921,592,390,4436,13,9,104,743,632.8,285,290,398,1768,512,300,3355,18,10,229,9
2009,New Orleans Saints,11,462,349,468,2106,544,378,4355,12,16,135,787,689.8,341,310,435,1955,574,330,3769,26,13,192,48
2009,New York Jets,6,332,280,607,2756,392,210,2380,21,9,216,677,685.6,236,237,420,1578,501,259,2459,17,14,245,16
2009,Oakland Raiders,9,184,234,410,1701,485,255,2557,18,15,318,920,815.7,379,314,548,2488,437,259,3303,8,12,228,13
2009,Philadelphia Eagles,11,407,290,384,1637,553,335,4089,13,10,291,951,682.3,337,294,413,1675,580,354,3462,25,13,316,22
2009,Pittsburgh Steelers,10,354,331,429,1792,536,351,4149,14,11,347,769,683.8,324,274,372,1438,548,319,3447,12,10,314,14
2009,San Diego Chargers,12,428,330,427,1423,519,338,4338,10,7,168,570,701.9,320,309,422,1882,534,326,3348,14,11,221,26
2009,Seattle Seahawks,9,270,298,395,1566,609,372,3503,19,12,268,840,736.8,390,306,428,1776,568,374,3927,13,10,185,10
2009,San Francisco 49ers,3,307,238,371,1600,528,312,3052,14,10,241,758,761.5,281,278,426,1552,580,352,3670,18,15,293,23
2009,St Louis Rams,5,168,259,411,1784,543,312,2686,21,12,284,834,747.2,436,333,500,2201,491,315,3764,8,12,149,7
2009,Tampa Bay Buccaneers,6,224,246,403,1625,525,280,2975,29,5,161,696,666.2,400,323,529,2531,482,301,3318,19,10,166,20
2009,Tennessee Titans,8,323,288,499,2592,476,271,3031,15,16,73,821,691.9,402,323,402,1711,604,404,4139,20,7,224,31
2009,Washington Redskins,5,257,280,391,1508,533,340,3490,16,12,307,679,669.2,336,280,449,1799,511,314,3316,11,6,241,9
2009,Cincinnati Bengals,9,274,294,505,2056,477,286,2890,13,12,244,863,687.6,291,275,399,1573,547,318,3249,19,6,237,31
2009,Houston Texans,8,354,339,425,1475,593,399,4654,17,11,149,833,686.2,333,301,396,1711,548,344,3487,14,13,187,34
2010,Arizona Cardinals,9,282,242,320,1388,561,285,2921,19,16,343,870,690.3,434,339,526,2323,533,324,3654,17,13,227,7
2010,Atlanta Falcons,13,373,354,497,1891,577,361,3567,9,8,158,598,647.8,288,285,366,1694,560,364,3625,22,9,221,41
2010,Baltimore Ravens,9,321,279,448,1685,463,287,3079,10,10,271,633,658.5,260,268,367,1430,562,327,3375,16,8,175,10
2010,Buffalo Bills,5,276,262,401,1720,519,296,3158,21,18,213,633,662.5,425,334,571,2714,473,294,3072,11,11,181,7
2010,Carolina Panthers,6,189,226,428,1846,484,256,2289,21,16,346,918,681.3,408,328,503,1981,526,326,3393,17,12,224,7
2010,Chicago Bears,13,307,262,414,1616,466,276,3015,21,10,382,768,649.6,286,282,386,1441,582,363,3588,21,14,232,27
2010,Cleveland Browns,7,257,266,413,1646,478,296,2989,18,11,214,675,691.9,332,317,505,2070,507,309,3531,19,9,178,14
2010,Dallas Cowboys,8,374,326,428,1786,576,379,4042,19,11,166,863,763.3,436,309,401,1737,540,348,3891,20,10,260,20
2010,Denver Broncos,5,313,309,398,1544,580,334,4037,12,15,270,944,725.9,471,334,531,2473,502,297,3780,10,8,156,31
2010,Detroit Lions,5,330,304,404,1613,633,383,3810,16,9,191,1018,707.7,369,320,443,1999,518,330,3498,14,15,288,32
2010,Green Bay Packers,7,354,312,421,1606,541,352,4124,13,9,231,617,700.1,240,270,395,1838,527,296,3107,24,8,333,34
2010,New York Giants,6,370,305,460,2093,491,305,3521,23,16,95,691,686.6,318,245,348,1459,523,298,3242,16,23,308,14
2010,Indianapolis Colts,9,397,366,393,1483,679,450,4609,17,8,91,709,689.5,388,314,445,2032,535,356,3433,10,11,194,38
2010,Jacksonville Jaguars,7,301,289,448,2108,407,249,2621,16,8,264,604,598.2,355,275,365,1684,447,287,3482,11,4,157,3
2010,Kansas City Chiefs,10,350,318,556,2627,475,274,2968,8,6,221,771,720.4,326,293,408,1764,581,319,3519,14,9,258,16
2010,Miami Dolphins,7,259,301,444,1646,558,336,3524,21,10,228,595,719,333,264,447,1601,502,288,3348,11,8,225,14
2010,Minnesota Vikings,8,271,290,441,1942,505,305,3097,26,11,230,769,695.5,348,275,417,1635,529,333,3367,15,11,177,10
2010,New England Patriots,12,504,334,454,1973,507,331,3847,5,5,175,766,691.9,313,349,408,1731,612,389,4133,25,13,212,14
2010,New Orleans Saints,9,359,350,380,1519,661,450,4441,22,9,195,884,741.1,307,274,421,1797,494,306,3103,9,16,250,25
2010,New York Jets,12,339,307,534,2374,525,288,3242,14,7,178,934,675.9,304,272,408,1454,531,269,3210,12,18,244,28
2010,Oakland Raiders,9,394,306,504,2494,491,279,3180,16,10,291,1276,742.9,371,291,474,2138,470,249,3027,12,12,292,16
2010,Philadelphia Eagles,9,404,322,427,2327,561,348,3903,13,12,312,1101,696.1,377,309,423,1766,536,309,3469,23,11,292,35
2010,Pittsburgh Steelers,8,356,294,471,1924,479,298,3601,9,9,289,903,733.4,232,272,333,1004,593,363,3425,21,14,319,19
2010,San Diego Chargers,8,403,357,457,1810,544,359,4519,13,16,227,677,750.7,322,246,404,1500,488,285,2845,16,7,290,38
2010,Seattle Seahawks,7,296,259,385,1424,544,324,3341,20,11,195,890,679.3,407,314,452,1903,585,339,3994,12,10,246,14
2010,San Francisco 49ers,5,283,251,401,1657,500,282,3356,15,8,257,934,750.6,346,299,447,1547,550,358,3696,15,7,245,22
2010,St Louis Rams,7,275,291,429,1578,590,354,3268,15,6,244,877,731.8,328,304,404,1810,571,328,3578,14,12,290,14
2010,Tampa Bay Buccaneers,10,321,288,431,2001,494,306,3361,6,13,203,837,653.9,318,307,444,2107,521,307,3216,19,9,143,20
2010,Tennessee Titans,7,345,253,406,1727,474,273,3107,15,14,171,1040,684,339,355,474,1851,625,410,4032,17,8,272,11
2010,Washington Redskins,6,275,294,351,1461,605,349,3913,19,12,348,647,646.1,377,326,444,2041,578,367,4187,14,13,176,27
2010,Cincinnati Bengals,5,307,317,428,1522,590,365,3767,20,14,221,725,669.6,395,290,416,1843,514,326,3469,16,10,179,15
2010,Houston Texans,6,360,360,423,2042,574,365,4144,12,6,226,690,664.8,427,352,433,1751,547,354,4280,13,5,219,30
2011,Arizona Cardinals,9,291,286,389,1625,550,307,3567,23,9,387,1004,718,348,333,475,1986,578,340,3696,10,9,304,21
2011,Atlanta Falcons,9,367,349,453,1834,594,365,4192,13,8,173,769,682.6,350,291,372,1552,560,340,3786,19,10,231,35
2011,Baltimore Ravens,10,365,312,459,1996,544,314,3423,12,12,206,742,736.8,266,269,419,1482,535,288,3140,15,11,290,13
2011,Buffalo Bills,7,334,314,391,1921,578,356,3703,25,5,154,743,761.5,434,339,467,2224,507,321,3714,20,10,210,38
2011,Carolina Panthers,6,383,346,445,2408,519,312,3829,17,6,260,1013,676.3,429,330,451,2093,490,318,3949,14,10,170,23
2011,Chicago Bears,9,340,270,456,2015,473,268,3011,20,9,335,800,693.1,341,291,384,1542,631,383,4065,20,11,208,13
2011,Cleveland Browns,6,191,278,415,1531,570,320,3090,13,6,210,847,643.1,307,301,534,2359,469,265,2959,9,11,199,27
2011,Dallas Cowboys,8,342,326,408,1807,570,376,4201,12,9,252,816,718.1,347,306,385,1585,545,336,3906,15,10,243,27
2011,Denver Broncos,8,285,286,546,2632,429,217,2434,13,17,274,842,765.7,390,315,488,2021,534,333,3704,9,9,283,24
2011,Detroit Lions,10,426,349,356,1523,666,423,4814,16,7,257,1075,700.2,387,325,410,2050,604,376,3831,21,13,271,48
2011,Green Bay Packers,13,530,354,395,1558,552,376,4924,8,6,237,591,741.3,359,358,383,1789,637,390,4796,31,7,192,30
2011,New York Giants,9,366,331,411,1427,589,359,4734,16,8,199,795,721.4,400,338,435,1940,589,361,4082,20,11,335,28
2011,Indianapolis Colts,6,224,258,382,1594,534,302,2995,14,15,228,549,747.5,430,342,540,2303,493,351,3632,8,9,192,19
2011,Jacksonville Jaguars,3,240,251,489,1970,469,240,2179,15,8,331,680,664.3,329,269,435,1667,513,326,3341,17,11,213,3
2011,Kansas City Chiefs,8,209,277,487,1893,500,299,3080,18,10,208,916,737.4,338,291,508,2112,454,257,3221,20,7,186,3
2011,Miami Dolphins,5,316,286,469,1987,469,280,3091,13,12,334,779,787.9,313,310,412,1530,590,350,3992,16,3,241,13
2011,Minnesota Vikings,4,320,298,448,2318,510,286,2957,17,9,298,908,728.2,449,333,439,1712,538,367,4019,8,15,342,20
2011,New England Patriots,13,478,398,438,1764,612,402,5084,12,5,173,815,742.2,342,370,405,1874,619,386,4703,23,11,274,35
2011,New Orleans Saints,12,517,416,431,2127,662,472,5347,14,5,158,851,802.3,339,326,351,1738,626,362,4157,9,7,256,30
2011,New York Jets,7,345,301,443,1692,547,310,3297,18,16,245,849,672.5,363,272,451,1777,507,275,3216,19,12,198,32
2011,Oakland Raiders,8,324,328,466,2110,524,315,3962,23,7,157,1358,821.6,433,370,430,2178,601,324,4023,18,8,239,35
2011,Philadelphia Eagles,6,365,355,450,2276,554,330,4110,25,13,166,853,677.3,328,290,414,1801,518,301,3397,15,9,316,31
2011,Pittsburgh Steelers,10,301,341,434,1903,539,341,4054,15,13,279,854,713.6,227,264,399,1597,530,289,2751,11,4,230,24
2011,San Diego Chargers,6,313,312,367,1568,533,330,3844,19,8,200,650,649.7,337,266,410,1763,400,247,2973,14,4,144,21
2011,Seattle Seahawks,6,321,266,444,1756,509,299,3104,14,9,340,1047,746.2,315,310,473,1797,543,324,3518,22,9,232,0
2011,San Francisco 49ers,11,356,282,497,2038,452,278,2936,5,5,263,1014,809.2,229,267,353,1236,579,333,3694,23,15,284,24
2011,St Louis Rams,6,177,267,409,1667,549,292,2870,10,13,388,899,707.8,407,314,509,2427,485,294,3307,12,6,261,16
2011,Tampa Bay Buccaneers,5,263,277,346,1458,588,365,3650,24,16,188,1007,731.1,494,355,498,2497,481,301,3814,14,10,148,24
2011,Tennessee Titans,10,299,282,376,1438,584,353,3923,14,8,190,960,689.4,317,323,461,2053,591,369,3629,11,12,180,26
2011,Washington Redskins,6,266,312,400,1614,591,346,3773,24,11,285,897,673.8,367,294,438,1884,509,308,3553,13,8,251,22
2011,Cincinnati Bengals,11,322,285,455,1778,535,308,3340,14,8,167,874,708.1,323,285,425,1675,539,319,3385,10,12,277,22
2011,Houston Texans,7,358,322,546,2448,467,288,3506,9,11,190,852,703.4,278,270,378,1536,538,279,3035,17,10,287,23
2012,Arizona Cardinals,6,230,246,352,1204,608,337,3005,21,13,378,857,746.2,357,288,506,2192,497,270,3213,22,11,228,20
2012,Atlanta Falcons,12,392,342,378,1397,615,422,4509,14,4,210,415,762.6,299,298,411,1971,551,337,3878,20,11,182,27
2012,Baltimore Ravens,10,375,314,444,1901,560,334,3739,11,5,257,1127,764.1,344,326,492,1965,557,335,3650,13,12,250,23
2012,Buffalo Bills,6,309,301,442,2217,511,309,3269,17,17,161,871,690.1,435,349,470,2333,536,306,3473,12,9,196,35
2012,Carolina Panthers,6,322,328,462,2088,490,284,3683,12,10,244,835,679,363,326,416,1761,555,371,3568,11,12,284,35
2012,Chicago Bears,10,365,291,470,1970,485,287,2999,16,8,299,811,670.3,277,286,388,1627,592,350,3423,24,20,289,10
2012,Cleveland Browns,4,275,278,396,1593,566,328,3435,18,8,233,1005,668.7,368,346,457,1898,600,378,3923,17,12,233,27
2012,Dallas Cowboys,9,369,338,355,1265,658,434,4729,19,10,263,853,714.2,400,317,441,2003,511,320,3684,7,9,211,7
2012,Denver Broncos,11,423,355,443,1667,549,372,4196,11,13,137,775,693.4,283,274,388,1402,525,302,3014,16,8,343,21
2012,Detroit Lions,5,353,382,391,1613,740,445,4927,17,16,212,944,663.7,437,306,420,1889,544,346,3569,11,6,237,19
2012,Green Bay Packers,10,410,341,433,1702,558,374,4049,8,8,293,923,688.8,336,307,418,1896,568,313,3492,18,5,309,23
2012,New York Giants,6,388,326,409,1862,539,323,3825,15,6,142,578,747.1,344,317,449,2066,534,341,4068,21,14,231,41
2012,Indianapolis Colts,12,334,360,440,1671,628,339,4128,18,9,246,801,762,387,325,428,2200,535,334,3788,12,3,189,23
2012,Jacksonville Jaguars,4,248,269,358,1369,586,328,3419,17,9,327,955,769.1,444,365,545,2256,535,341,3832,12,11,128,7
2012,Kansas City Chiefs,5,194,286,500,2395,475,273,2713,20,17,224,733,744.3,425,301,482,2171,464,279,3533,7,6,161,17
2012,Miami Dolphins,5,253,288,441,1785,504,293,3199,13,13,226,724,804,317,320,431,1734,600,353,3974,10,6,242,35
2012,Minnesota Vikings,8,359,306,487,2627,483,300,2758,12,11,177,830,730.6,348,346,427,1692,612,391,3908,10,12,284,20
2012,New England Patriots,11,539,445,523,2184,641,402,4662,9,7,182,840,698.6,331,339,415,1630,594,369,4342,20,21,213,18
2012,New Orleans Saints,7,434,352,370,1577,671,423,4997,19,5,190,911,792.7,454,381,457,2361,602,370,4681,15,11,194,27
2012,New York Jets,8,271,299,494,1896,493,272,2891,19,18,287,708,742.2,375,293,495,2138,494,266,3036,11,12,170,10
2012,Oakland Raiders,6,277,301,376,1420,629,376,4084,16,10,208,939,766.2,443,304,444,1897,526,347,3775,11,8,185,13
2012,Philadelphia Eagles,7,256,333,413,1874,618,367,3791,15,22,284,813,736,444,317,479,2021,485,292,3470,8,5,198,24
2012,Pittsburgh Steelers,8,309,307,412,1537,574,354,3787,14,16,225,938,693,314,274,391,1450,523,299,2963,10,10,196,27
2012,San Diego Chargers,9,312,293,411,1461,528,338,3296,15,11,311,796,767.6,350,317,406,1542,568,347,3681,14,14,244,38
2012,Seattle Seahawks,10,385,310,536,2579,405,259,3031,10,8,203,890,727,245,294,368,1649,564,327,3250,18,13,247,27
2012,San Francisco 49ers,9,370,322,492,2491,436,289,3298,8,8,253,960,771.6,273,285,407,1507,567,337,3203,14,11,270,27
2012,St Louis Rams,8,268,286,410,1714,557,332,3550,14,8,233,978,736.2,348,326,442,1880,547,362,3602,17,4,325,31
2012,Tampa Bay Buccaneers,7,355,301,416,1837,566,311,3983,17,6,161,819,717.6,394,330,376,1327,627,410,4751,18,8,200,34
2012,Tennessee Titans,8,320,259,378,1687,540,318,3323,16,12,254,847,765.2,471,358,483,2035,564,374,3964,19,5,241,10
2012,Washington Redskins,9,408,341,519,2709,442,291,3422,8,6,244,985,690.3,388,339,363,1532,636,393,4511,21,10,209,28
2012,Cincinnati Bengals,9,357,291,430,1745,540,335,3578,16,10,229,857,736.6,320,307,423,1715,560,346,3400,14,16,361,34
2012,Houston Texans,10,389,341,508,2123,554,354,3830,13,4,216,873,752.7,331,291,390,1560,581,308,3612,15,14,269,27
2013,Arizona Cardinals,10,354,330,422,1540,574,363,4002,22,9,289,744,733.4,324,309,370,1351,625,367,3728,20,10,337,25
2013,Atlanta Falcons,4,322,330,321,1247,659,445,4243,17,11,298,788,720.8,443,326,455,2173,516,341,3897,10,11,231,31
2013,Baltimore Ravens,6,306,294,423,1328,619,363,3590,23,6,324,942,717.7,352,285,440,1687,552,314,3681,16,8,257,14
2013,Buffalo Bills,7,315,301,546,2307,522,299,3103,15,12,270,952,687.4,388,307,471,2063,561,310,3271,23,7,395,24
2013,Carolina Panthers,12,343,318,483,2026,473,292,3043,13,6,336,671,749.6,241,278,352,1391,563,375,3429,20,10,424,23
2013,Chicago Bears,7,369,311,372,1679,543,346,3940,13,10,162,693,610.1,450,330,455,2385,482,301,3600,19,9,175,31
2013,Cleveland Browns,5,302,301,347,1383,681,379,4040,20,9,332,920,699.5,406,328,462,1781,605,363,3538,14,7,185,6
2013,Dallas Cowboys,6,423,325,336,1507,586,375,3954,12,8,272,867,730.4,432,387,437,2056,623,403,4589,15,13,246,16
2013,Denver Broncos,12,514,401,430,1770,633,428,5030,9,15,128,945,655.3,351,315,406,1574,577,332,3600,16,8,254,41
2013,Detroit Lions,8,374,350,445,1792,634,371,4482,19,15,168,925,744.7,376,290,377,1596,572,338,3950,15,7,249,21
2013,Green Bay Packers,6,335,324,417,1954,541,342,3986,16,9,267,681,664,397,315,413,1889,518,318,3824,11,11,225,38
2013,New York Giants,5,271,280,381,1332,567,325,3588,29,15,287,786,747.8,383,326,454,1743,601,361,3573,17,12,214,23
2013,Indianapolis Colts,10,371,318,409,1743,582,350,3725,10,4,227,576,728.7,336,318,448,2002,536,324,3711,15,11,248,20
2013,Jacksonville Jaguars,5,238,270,378,1260,592,349,3441,21,6,310,797,731.3,449,354,507,2108,551,354,3962,11,10,225,9
2013,Kansas City Chiefs,10,413,323,442,2056,546,333,3340,8,10,221,774,731.3,305,302,428,1923,592,334,3962,21,15,309,17
2013,Miami Dolphins,8,293,278,349,1440,594,357,3567,19,7,399,598,776.3,335,326,484,1998,580,344,3752,18,6,272,24
2013,Minnesota Vikings,6,361,309,423,2081,546,325,3427,19,13,218,695,716.4,480,368,443,1767,648,419,4598,12,8,274,30
2013,New England Patriots,11,431,378,470,2065,628,380,4087,11,9,256,625,728.8,338,338,481,2145,589,336,3824,17,12,313,13
2013,New Orleans Saints,11,398,358,391,1473,651,446,4918,12,7,244,817,743,304,274,387,1786,507,304,3105,12,7,336,16
2013,New York Jets,11,280,280,493,2158,480,266,2932,22,7,338,837,729.2,387,293,421,1412,586,345,3947,13,2,242,10
2013,Oakland Raiders,4,303,275,436,2004,519,298,3336,20,11,293,912,775.4,453,330,442,1727,549,374,4092,9,13,260,19
2013,Philadelphia Eagles,12,412,355,500,2566,508,310,4110,9,10,296,846,712.5,382,368,443,1671,670,408,4636,19,12,271,30
2013,Pittsburgh Steelers,7,369,312,394,1383,586,377,4017,14,10,289,677,661.4,370,302,433,1849,569,329,3546,10,10,205,10
2013,San Diego Chargers,7,363,373,486,1965,544,378,4328,11,10,150,765,673.2,348,326,376,1725,548,364,4139,11,8,248,33
2013,Seattle Seahawks,8,388,307,509,2188,420,267,3236,9,10,272,1183,680.5,231,282,422,1626,524,309,2752,28,11,298,29
2013,San Francisco 49ers,14,403,286,505,2201,417,244,2979,8,10,231,845,782.4,272,285,397,1535,585,345,3536,18,12,283,3
2013,St Louis Rams,9,324,282,426,1752,506,301,3125,11,10,235,1009,742.8,364,338,440,1646,521,355,3874,14,15,326,24
2013,Tampa Bay Buccaneers,5,274,269,420,1612,514,291,2820,12,9,361,1136,711,389,323,438,1762,547,352,3806,21,10,255,14
2013,Tennessee Titans,6,338,310,462,1894,533,328,3496,16,9,214,900,695.1,381,330,446,1795,545,344,3612,13,12,227,24
2013,Washington Redskins,5,314,330,453,2164,611,355,3751,19,15,306,802,684.3,478,330,443,1769,514,337,3896,16,9,238,20
2013,Cincinnati Bengals,10,410,330,481,1755,587,364,4139,20,10,182,1000,709.9,305,282,385,1544,614,362,3344,20,11,279,20
2013,Houston Texans,5,246,307,414,1743,633,371,3813,22,9,370,1138,751.3,428,282,454,1958,484,287,3123,7,4,187,30
